movie_title,year_released,critic_rating,audience_rating,genres
Jackie Chan's Who Am I? (Wo shi shei) (Who Am I?),1998,67,68,"Action & Adventure, Art House & International, Comedy"
Who Framed Roger Rabbit,1988,97,84,"Action & Adventure, Animation, Comedy, Kids & Family, Mystery & Suspense"
Who Is Dayani Cristal?,2014,80,79,"Documentary, Special Interest"
Who is Harry Nilsson (And Why is Everybody Talkin' About Him)?,2010,86,87,"Documentary, Musical & Performing Arts"
Who is KK Downey?,2008,100,56,"Comedy, Drama"
Who Killed the Electric Car?,2006,89,84,"Documentary, Musical & Performing Arts"
Who the #$&% Is Jackson Pollock?,2006,100,72,"Documentary, Musical & Performing Arts, Special Interest"
The Whole Nine Yards,2000,45,64,Comedy
The Whole Ten Yards,2003,4,40,"Action & Adventure, Comedy, Drama, Mystery & Suspense"
The Whole Wide World,1996,76,72,"Drama, Special Interest, Romance"
Who'll Stop the Rain,1978,73,64,"Action & Adventure, Drama, Mystery & Suspense"
Wholly Moses!,1980,14,39,Comedy
Whores' Glory,2012,87,74,"Documentary, Special Interest"
Who's Afraid of Virginia Woolf?,1966,95,91,"Classics, Drama"
Who's Harry Crumb?,1989,27,46,"Comedy, Mystery & Suspense"
Who's That Girl?,1987,38,47,"Comedy, Mystery & Suspense"
Who's That Knocking at My Door?,1967,70,61,"Action & Adventure, Classics, Drama"
Who's Your Caddy?,2007,6,59,Comedy
Whose Life Is It Anyway?,1981,70,79,Drama
Why Did I Get Married?,2007,48,78,"Comedy, Drama, Musical & Performing Arts"
Why Did I Get Married Too,2010,27,68,"Comedy, Drama"
Why Do Fools Fall In Love,1998,52,76,"Comedy, Drama, Musical & Performing Arts, Romance"
"Why Don't You Just Die! (Papa, sdokhni)",2020,97,81,"Art House & International, Comedy, Drama, Mystery & Suspense"
Why Don't You Play in Hell?,2014,80,80,"Action & Adventure, Art House & International"
Why Him?,2016,39,51,Comedy
Why Stop Now?,2012,25,28,"Comedy, Drama"
Wichita,1955,100,67,"Action & Adventure, Classics, Western"
Wicked Little Things,2006,40,34,Horror
Wicker Park,2004,27,79,"Drama, Mystery & Suspense, Romance"
Wide Awake,2006,80,52,"Documentary, Mystery & Suspense, Special Interest, Sports & Fitness"
The Widow of Saint-Pierre (The Widow of St. Pierre) (La veuve de Saint-Pierre),2000,90,78,"Art House & International, Drama"
Widows,2018,91,61,Drama
Widows' Peak,1994,94,51,"Art House & International, Comedy, Drama, Mystery & Suspense"
Wiener-Dog,2016,74,41,Comedy
The Wilby Conspiracy,1975,60,44,"Art House & International, Drama, Mystery & Suspense"
Wilby Wonderful,2005,71,65,"Art House & International, Comedy, Drama"
Wild,2014,88,75,Drama
Wild America,1997,27,59,"Action & Adventure, Kids & Family"
The Wild Angels,1966,63,45,"Action & Adventure, Classics, Cult Movies, Drama"
Wild Bill,1995,44,27,"Action & Adventure, Drama, Western"
Wild Bill,2011,100,82,"Art House & International, Drama"
Wild City,2015,50,35,"Action & Adventure, Art House & International, Mystery & Suspense, Science Fiction & Fantasy"
Wild Combination: A Portrait of Arthur Russell,2008,100,82,"Documentary, Musical & Performing Arts, Special Interest"
Wild Hearts Can't Be Broken,1991,73,89,"Action & Adventure, Drama, Kids & Family"
Wild Hogs,2007,14,61,"Action & Adventure, Comedy"
"Wild Horse, Wild Ride",2012,81,84,"Documentary, Special Interest"
Wild Horses,2015,17,16,"Drama, Mystery & Suspense"
Wild in the Country,1961,50,58,"Classics, Drama, Musical & Performing Arts"
Wild Man Blues,1998,86,65,"Documentary, Musical & Performing Arts, Special Interest"
The Wild One,1954,78,72,"Action & Adventure, Classics, Cult Movies, Drama"
The Wild Parrots of Telegraph Hill,2005,95,85,"Documentary, Special Interest"
Wild River,1960,100,83,"Classics, Drama"
Wild Rose,2019,92,87,"Comedy, Drama"
Wild Rovers,1971,57,44,"Classics, Western"
Wild Strawberries,1957,95,94,Drama
Wild Style,2013,89,87,"Documentary, Drama, Musical & Performing Arts"
Wild Tales,2015,94,92,"Comedy, Drama, Mystery & Suspense"
Wild Target,2010,33,56,"Action & Adventure, Comedy, Drama"
Wild Thing,1987,40,56,"Action & Adventure, Drama, Mystery & Suspense"
Wild Things,1998,62,53,"Comedy, Drama, Mystery & Suspense"
The Wild Thornberrys Movie,2002,80,51,"Animation, Kids & Family"
Vince Vaughn's Wild West Comedy Show: 30 Days & 30 Nights - Hollywood to the Heartland,2008,59,50,"Comedy, Documentary"
Wild Wild West,1999,17,28,"Action & Adventure, Comedy, Western"
Wildcats,1986,22,49,"Comedy, Drama"
Wilde,1998,71,73,Drama
Wilderness,2006,25,47,Horror
Wildlife,2018,93,73,Drama
Wildling,2018,70,40,"Horror, Science Fiction & Fantasy"
Will,2011,0,45,"Art House & International, Drama, Kids & Family, Sports & Fitness"
Will Ferrell: You're Welcome America - A Final Night with George W Bush,2009,60,62,"Comedy, Television"
Will Penny,1968,85,72,"Action & Adventure, Classics, Western, Romance"
Will Success Spoil Rock Hunter?,1957,86,76,"Classics, Comedy"
Willard,2003,64,51,"Horror, Mystery & Suspense"
William S. Burroughs: A Man Within,2010,88,77,"Documentary, Special Interest"
William,2019,42,50,"Drama, Science Fiction & Fantasy"
Romeo + Juliet,1996,72,77,"Drama, Romance"
Willow,1988,51,79,"Action & Adventure, Drama, Science Fiction & Fantasy"
Willow Creek,2014,81,34,Horror
Willy Wonka and the Chocolate Factory,1971,90,87,"Classics, Comedy, Drama, Kids & Family, Musical & Performing Arts, Science Fiction & Fantasy"
Wilson,2017,47,30,Comedy
Wimbledon,2004,61,57,"Comedy, Drama, Romance"
Win a Date With Tad Hamilton!,2004,54,47,"Comedy, Drama, Romance"
Win It All,2017,85,55,Comedy
Win Win,2011,94,85,"Comedy, Drama"
Winchester,2018,13,32,"Drama, Mystery & Suspense, Science Fiction & Fantasy"
The Wind and the Lion,1975,63,70,"Action & Adventure, Classics, Drama"
Wind Chill,2007,46,31,"Horror, Mystery & Suspense"
Wind River,2017,88,90,"Drama, Mystery & Suspense"
The Wind That Shakes the Barley,2007,90,87,Drama
Windfall,2012,72,44,"Documentary, Drama, Special Interest"
The Windmill Movie,2009,86,67,"Documentary, Drama, Special Interest"
Windtalkers,2002,33,50,Drama
Wine Country,2019,65,30,Comedy
Wing Commander,1999,10,25,"Action & Adventure, Science Fiction & Fantasy"
Winged Migration,2003,95,87,"Documentary, Drama, Special Interest"
Wings,1927,93,78,"Action & Adventure, Classics"
Wings of Desire,1987,98,93,"Art House & International, Drama, Science Fiction & Fantasy, Romance"
The Wings of Eagles,1957,40,57,"Action & Adventure, Classics, Drama"
The Wings of the Dove,1997,84,78,"Drama, Romance"
Winnebago Man,2010,90,80,"Comedy, Documentary, Special Interest"
Winnie Mandela,2013,19,56,Drama
Winnie the Pooh,2011,91,80,"Animation, Kids & Family"
The Winning Season,2010,50,55,Comedy
Winning: The Racing Life Of Paul Newman,2015,90,91,"Documentary, Special Interest"
Winter In The Blood,2014,67,76,Drama
Winter in Wartime,2011,75,78,"Action & Adventure, Art House & International, Drama"
Winter Kills,1979,88,55,"Drama, Mystery & Suspense"
Nattvardsgästerna (Winter Light),1962,73,91,"Art House & International, Drama, Faith & Spirituality"
Winter Passing,2006,42,62,"Comedy, Drama"
Winter People,1989,11,50,Drama
Winter Solstice,2005,60,43,Drama
Winter's Tale,2014,13,43,"Drama, Mystery & Suspense, Science Fiction & Fantasy"
Wirey Spindell,1999,24,85,Comedy
Wise Blood,1979,87,75,"Comedy, Drama"
Wise Guys,1986,31,41,Comedy
Wish I Was Here,2014,47,59,"Comedy, Drama"
Wish Upon,2017,19,30,Horror
Wish You Were Here,2013,71,49,"Drama, Mystery & Suspense"
Wishmaster,1997,27,38,"Drama, Horror, Science Fiction & Fantasy"
Wishmaster 2: Evil Never Dies,1999,9,29,Horror
Wishmaster 4: The Prophecy Fulfilled,2002,20,23,Horror
Witchboard,1986,50,41,"Horror, Mystery & Suspense"
The Witches of Eastwick,1987,76,62,"Comedy, Horror, Science Fiction & Fantasy"
Witching and Bitching,2014,86,60,"Action & Adventure, Comedy, Horror"
With a Friend like Harry...,2001,96,79,"Art House & International, Comedy, Drama, Mystery & Suspense"
With Friends Like These,1998,50,40,"Comedy, Drama"
With Honors,1994,17,73,"Comedy, Drama"
Withnail and I,1987,94,94,"Comedy, Drama"
Without a Clue,1988,60,72,"Comedy, Mystery & Suspense"
Without a Paddle,2004,14,68,Comedy
Without Limits,1998,79,91,"Documentary, Drama"
Witless Protection,2008,4,46,Comedy
Witness for the Prosecution,1957,100,95,"Classics, Drama, Mystery & Suspense"
Witnesses,2004,90,81,"Art House & International, Drama"
The Wiz,1978,42,65,"Action & Adventure, Classics, Musical & Performing Arts, Science Fiction & Fantasy"
The Wizard,1989,32,60,"Action & Adventure, Comedy, Drama, Kids & Family, Mystery & Suspense"
Wizards,1977,59,70,"Action & Adventure, Animation, Kids & Family, Science Fiction & Fantasy"
Wolf Creek,2005,53,49,"Action & Adventure, Horror, Mystery & Suspense"
Wolf Creek 2,2014,50,39,Horror
The Wolf Man,1941,90,80,"Classics, Horror, Science Fiction & Fantasy"
Wolf Totem,2015,67,50,Action & Adventure
Wolf Warrior II,2017,69,75,"Action & Adventure, Art House & International, Drama"
Wolfen,1981,75,46,"Horror, Mystery & Suspense"
Wolke Neun (Cloud 9),2008,89,58,"Art House & International, Drama, Romance"
X-Men Origins - Wolverine,2009,37,58,"Action & Adventure, Mystery & Suspense, Science Fiction & Fantasy"
Wolves,2014,25,32,Action & Adventure
Wolves,2017,33,45,Drama
The Woman in Red,1984,35,38,"Comedy, Drama, Romance"
Woman in the Dunes (Suna no Onna),1964,100,93,"Art House & International, Drama, Special Interest"
Frau im Mond (By Rocket to the Moon) (Woman in the Moon),1929,75,72,"Art House & International, Classics, Comedy, Drama, Science Fiction & Fantasy"
Woman of the Year,1942,89,80,"Classics, Comedy, Romance"
Woman on the Run,1950,83,78,"Classics, Drama, Mystery & Suspense"
Woman on Top,2000,35,42,"Comedy, Drama, Romance"
Woman Thou Art Loosed,2004,51,84,Drama
Woman Thou Art Loosed: On the 7th Day,2012,20,69,Mystery & Suspense
A Woman Under the Influence,1975,90,92,"Classics, Drama"
Woman Walks Ahead,2018,53,60,Drama
!Women Art Revolution,2011,84,60,"Documentary, Musical & Performing Arts"
Women in Trouble,2009,29,27,Comedy
Women on the Verge of a Nervous Breakdown (Mujeres al Borde de un Ataque de Nervios),1988,90,89,"Art House & International, Comedy, Drama"
"Won Ton Ton, the Dog Who Saved Hollywood",1976,20,60,Comedy
Wonder,2017,85,88,Drama